x,y
ytou,you
clasically,classically
avilable,available
essencial,essential
definining,defining
relevent,relevant
neccesary,necessary
metaphoricial,metaphorical
penisular,peninsular
ressurection,resurrection
modle,model
compatability,compatibility
testomony,testimony
crticised,criticised
compitent,competent
cannonical,canonical
sturcture,structure
realyl,really
surounding,surrounding
alledgedly,allegedly
sixtin,sistine
gnawwed,gnawed
interchangable,interchangeable
buring,burying
includng,including
offcers,officers
peageant,pageant
exept,except
skagerak,skagerrak
remenicent,reminiscent
coorperation,cooperation
pucini,puccini
dependance,dependence
remeber,remember
tolerence,tolerance
collegues,colleagues
harrased,harassed
choosen,chosen
reponsible,responsible
spriritual,spiritual
assitant,assistant
paticular,particular
dichtomy,dichotomy
whants,wants
assasinations,assassinations
succcesses,successes
armistace,armistice
mathamatics,mathematics
perseverence,perseverance
ocassionally,occasionally
satrical,satirical
strengtened,strengthened
jstu,just
pastural,pastoral
embezelled,embezzled
archetecturally,architecturally
captued,captured
dael,deal
hieroglph,hieroglyph
tendancies,tendencies
priveleged,privileged
harrasing,harassing
intrduced,introduced
assocation,association
dificulty,difficulty
pharoah,pharaoh
oftenly,often
proseletyzing,proselytizing
knwo,know
referemces,references
mohammedans,muslims
accomodate,accommodate
generaly,generally
soem,some
achived,achieved
discribed,described
consdider,consider
siezed,seized
comprimise,compromise
symmetricaly,symmetrically
temperture,temperature
relativly,relatively
temerature,temperature
dissapear,disappear
hertiage,heritage
aircaft,aircraft
emprisoned,imprisoned
threee,three
architecht,architect
hipopotamus,hippopotamus
whereever,wherever
interfereing,interfering
mispelling,misspelling
publihser,publisher
lattitude,latitude
alligned,aligned
disobediant,disobedient
acquited,acquitted
anual,annual
towrad,toward
doesnt,doesn t
refrence,reference
ammend,amend
retalitation,retaliation
tast,taste
tje,the
uncontitutional,unconstitutional
nutritent,nutrient
crucifiction,crucifixion
porshon,portion
signitories,signatories
clinicaly,clinically
seperately,separately
virtualy,virtually
rechargable,rechargeable
nightime,nighttime
archetecture,architecture
appartments,apartments
vaguaries,vagaries
demolision,demolition
propperly,properly
apprieciate,appreciate
cincinatti,cincinnati
nucular,nuclear
probablly,probably
challege,challenge
mkaing,making
indentical,identical
shrinked,shrunk
driectly,directly
usefuly,usefully
harrasments,harassments
gothenberg,gothenburg
perhpas,perhaps
intutively,intuitively
hydogen,hydrogen
lonly,lonely
exerpts,excerpts
finacial,financial
rythim,rhythm
populer,popular
quantaty,quantity
reccommend,recommend
regluar,regular
probelm,problem
corrisponds,corresponds
stradegies,strategies
ened,need
sepulcre,sepulchre
descripton,description
reminscent,reminiscent
commited,committed
stablility,stability
officals,officials
additonally,additionally
enthusiatic,enthusiastic
suphisticated,sophisticated
religously,religiously
dacquiri,daiquiri
rememberable,memorable
tenacles,tentacles
confidentally,confidentially
possesion,possession
papanicalou,papanicolaou
aquire,acquire
geneological,genealogical
benificial,beneficial
targetted,targeted
futhroc,futhark
devide,divide
assymetric,asymmetric
superceeded,superseded
roomate,roommate
transfered,transferred
asign,assign
tommorow,tomorrow
nuturing,nurturing
puplisher,publisher
enviornment,environment
geneology,genealogy
alusion,allusion
beatiful,beautiful
snese,sneeze
poweful,powerful
naieve,naive
manufacturedd,manufactured
morrocco,morocco
rewriet,rewrite
intertaining,entertaining
traditionaly,traditionally
comandos,commandos
occationally,occasionally
dramtic,dramatic
passerbys,passersby
subsquently,subsequently
unacompanied,unaccompanied
ecclectic,eclectic
dum,dumb
unwieldly,unwieldy
fomed,formed
sunglases,sunglasses
spoace,space
surveill,surveil
disiplined,disciplined
aquired,acquired
aproximately,approximately
comapany,company
veyr,very
launchs,launch
aswell,as well
postive,positive
proceding,proceeding
millenialism,millennialism
tennisplayer,tennis player
agressive,aggressive
heroe,hero
missonary,missionary
enviornmentalist,environmentalist
hertzs,hertz
infered,inferred
proclomation,proclamation
knowlege,knowledge
enxt,next
ecomonic,economic
listners,listeners
pratice,practice
cententenial,centennial
accomodation,accommodation
coudl,could
occassionally,occasionally
appenines,apennines
sufferring,suffering
exinct,extinct
amercia,america
estabishes,establishes
deparment,department
resteraunts,restaurants
beseiged,besieged
docrines,doctrines
interbread,interbreed
crutial,crucial
enviornmentally,environmentally
decideable,decidable
rennovate,renovate
omre,more
consolodate,consolidate
enlish,english
labatory,lavatory
faciliate,facilitate
comming,coming
symetrical,symmetrical
catapiller,caterpillar
purposedly,purposely
hesistant,hesitant
poety,poetry
carefull,careful
repubicans,republicans
improvision,improvisation
exculsivly,exclusively
volounteer,volunteer
refernces,references
embarassment,embarrassment
fertily,fertility
significently,significantly
freind,friend
assosication,assassination
drummless,drumless
mudering,murdering
impliment,implement
sophicated,sophisticated
thrid,third
particualr,particular
documenatry,documentary
airporta,airports
orginal,original
surprizing,surprising
encryptiion,encryption
performes,performed
unprecendented,unprecedented
deffined,defined
gauarana,guaran 
aircrafts,aircraft
exeptional,exceptional
millenium,millennium
dimenions,dimensions
pich,pitch
descisions,decisions
contaiminate,contaminate
jewllery,jewellery
contibuted,contributed
decress,decrees
racaus,raucous
mkea,make
otehr,other
commmemorated,commemorated
medevial,medieval
renewl,renewal
volcanoe,volcano
meerkrat,meerkat
oublisher,publisher
infalability,infallibility
decidely,decidedly
emmiting,emitting
themslves,themselves
enforceing,enforcing
breifly,briefly
accomodations,accommodations
galatic,galactic
emporer,emperor
agression,aggression
untill,until
fromed,formed
desintegration,disintegration
lastr,last
coverted,converted
potrait,portrait
tenacle,tentacle
repulics,republics
scientis,scientist
pinnaple,pineapple
burried,buried
hvea,have
hinderence,hindrance
ninties,    s
indite,indict
vell,well
praries,prairies
scandanavia,scandinavia
repubic,republic
unkown,unknown
toriodal,toroidal
fisionable,fissionable
competant,competent
shoudl,should
opression,oppression
gurantee,guarantee
knive,knife
vriety,variety
alowing,allowing
exagerrate,exaggerate
contians,contains
missisippi,mississippi
comemmorates,commemorates
triguered,triggered
eyars,years
prologomena,prolegomena
availaible,available
europian,european
precedessor,predecessor
comisions,commissions
recivership,receivership
eraticly,erratically
unsuprisingly,unsurprisingly
satelite,satellite
anohter,another
suppliementing,supplementing
coorperations,corporations
androgenous,androgynous
ocasionally,occasionally
poluting,polluting
calenders,calendars
regulaion,regulation
guerrilas,guerrillas
exagerrated,exaggerated
annualy,annually
comiting,committing
reponse,response
referenece,reference
carnigie,carnegie
neigbouring,neighbouring
develope,develop
unfortunatly,unfortunately
attitide,attitude
neglible,negligible
penatly,penalty
archimedian,archimedean
aquitted,acquitted
liasion,liaison
puchasing,purchasing
witht,with
opressive,oppressive
mathematicas,mathematics
arised,arose
harrassments,harassments
additinally,additionally
rehersal,rehearsal
sevice,service
excact,exact
specifiying,specifying
vegatarian,vegetarian
independendet,independent
appartment,apartment
abritrary,arbitrary
formallized,formalized
inmigrant,immigrant
sanhedrim,sanhedrin
benifits,benefits
firends,friends
crusies,cruises
carthagian,carthaginian
adminstrative,administrative
scirpt,script
subcatagory,subcategory
iritated,irritated
referrence,reference
anyhwere,anywhere
embarassed,embarrassed
excedded,exceeded
consicousness,consciousness
hydropobic,hydrophobic
temprary,temporary
millon,million
husban,husband
decomissioned,decommissioned
publisehr,publisher
simpley,simply
simmilar,similar
attemt,attempt
equivilant,equivalent
accomadates,accommodates
exludes,excludes
resaurant,restaurant
busness,business
onyl,only
recepients,recipients
authorithy,authority
settelement,settlement
ocurrence,occurrence
pamflet,pamphlet
portraing,portraying
basicaly,basically
accademic,academic
habsbourg,habsburg
corrispondants,correspondents
mchanics,mechanics
incompatable,incompatible
retalitated,retaliated
juristictions,jurisdictions
inherantly,inherently
absail,abseil
acclimitization,acclimatization
deparmental,departmental
supose,suppose
cerimony,ceremony
ususally,usually
importamt,important
attendence,attendance
favoutrable,favourable
pubisher,publisher
oppenly,openly
unbeknowst,unbeknownst
accordeon,accordion
ect,etc
eventhough,even though
equivilent,equivalent
occurence,occurrence
abbout,about
anounced,announced
duting,during
ppublisher,publisher
boundry,boundary
misdemenors,misdemeanors
symetry,symmetry
inheritence,inheritance
explotation,exploitation
stomache,stomach
convenant,covenant
indisputibly,indisputably
yeild,yield
coca cola,coca cola
physicaly,physically
attemts,attempts
dissapears,disappears
comparision,comparison
exressed,expressed
dictionarys,dictionaries
fictious,fictitious
hypocrasy,hypocrisy
electricty,electricity
inadvertant,inadvertent
wih,with
mileau,milieu
sufferred,suffered
archetectural,architectural
esitmated,estimated
amung,among
percieve,perceive
synonomous,synonymous
gunanine,guanine
becomeing,becoming
cassawory,cassowary
emmisarries,emissaries
emminently,eminently
youseff,yousef
centruy,century
simplier,simpler
corperations,corporations
plausable,plausible
imprioned,imprisoned
filiament,filament
metalurgic,metallurgic
oposite,opposite
aircrafts ,aircraft s
htikn,think
harrasment,harassment
tattooes,tattoos
fleed,fled
publiaher,publisher
stradegy,strategy
protrayed,portrayed
impressario,impresario
imediately,immediately
dissarray,disarray
glamourous,glamorous
incunabla,incunabula
sotyr,satyr
erally,orally
tradtionally,traditionally
sytem,system
accomadation,accommodation
runnung,running
polute,pollute
hinderance,hindrance
possable,possible
sysmatically,systematically
appereance,appearance
unconvential,unconventional
lisense,license
rocord,record
becuase,because
priviledges,privileges
libguistic,linguistic
sucessful,successful
cerimonies,ceremonies
inspite,in spite
monts,months
similiarity,similarity
invertibrates,invertebrates
funtion,function
managable,manageable
intevene,intervene
statememts,statements
includ,include
pinoneered,pioneered
survivied,survived
linnaena,linnaean
housr,hours
persue,pursue
ilness,illness
tobbaco,tobacco
ommitting,omitting
captial,capital
embarrased,embarrassed
heared,heard
psyhic,psychic
addtion,addition
homestate,home state
soilders,soldiers
portugues,portuguese
incorruptable,incorruptible
eceonomy,economy
addtional,additional
corosion,corrosion
lonley,lonely
issueing,issuing
claerly,clearly
infilitrate,infiltrate
dissapearance,disappearance
everthing,everything
eurpoean,european
iresistably,irresistibly
idealogies,ideologies
eleminated,eliminated
regulaotrs,regulators
exerbated,exacerbated
equivelant,equivalent
anihilation,annihilation
agravate,aggravate
requred,required
elimentary,elementary
vaccume,vacuum
prefered,preferred
acheivment,achievement
quizes,quizzes
porshan,portion
yera,year
casion,caisson
slaugterhouses,slaughterhouses
recived,received
prouncements,pronouncements
unwarrented,unwarranted
matheticians,mathematicians
transending,transcending
humurous,humorous
colateral,collateral
protruberance,protuberance
actualy,actually
extrordinarily,extraordinarily
collosal,colossal
puertorricans,puerto ricans
satrically,satirically
crtical,critical
premillenial,premillennial
translaters,translators
publisheed,published
speciman,specimen
ethnocentricm,ethnocentrism
seperatist,separatist
misdameanors,misdemeanors
peristent,persistent
majoroty,majority
artical,article
argubly,arguably
anomolies,anomalies
thsoe,those
althought,although
dreasm,dreams
descriibes,describes
publishor,publisher
mathmatician,mathematician
parrallely,parallelly
halp,help
univesities,universities
youself,yourself
stong,strong
shaddow,shadow
lveo,love
campains,campaigns
conneticut,connecticut
orignially,originally
pensle,pencil
staion,station
originall,original
wehn,when
tortise ,tortoise
campagin,campaign
contempoary,contemporary
bilateraly,bilaterally
compensantion,compensation
poisin,poison
wensday,wednesday
enteratinment,entertainment
imigrated,emigrated
practioners,practitioners
precisly,precisely
hypocracy,hypocrisy
mischeivous,mischievous
intrusted,entrusted
dammage,damage
planation,plantation
consumated,consummated
archaelogical,archaeological
propietary,proprietary
paranthesis,parenthesis
proffesion,profession
unilateraly,unilaterally
hierarcical,hierarchical
algoritm,algorithm
threatend,threatened
earnt,earned
juadaism,judaism
archaelogists,archaeologists
insurence,insurance
receving,receiving
addresing,addressing
seceeded,succeeded
strikely,strikingly
indviduals,individuals
infrantryman,infantryman
facinated,fascinated
perogative,prerogative
suop,soup
identifers,identifiers
correposding,corresponding
halarious,hilarious
airbourne,airborne
obssessed,obsessed
facillitate,facilitate
disatrous,disastrous
surprize,surprise
republis,republics
ubiquitious,ubiquitous
advertisment,advertisement
belligerant,belligerent
admissable,admissible
bellweather,bellwether
rferences,references
steriods,steroids
tihkn,think
nullabour,nullarbor
adherance,adherence
thnig,thing
orginally,originally
admendment,amendment
professer,professor
liftime,lifetime
levetates,levitates
diferent,different
dissobediance,disobedience
improvments,improvements
changable,changeable
benifit,benefit
equivelent,equivalent
calculater,calculator
immitate,imitate
enviormentally,environmentally
camoflage,camouflage
mataphysical,metaphysical
tiem,time
owudl,would
eveyr,every
cheifs,chiefs
busines,business
ukranian,ukrainian
compeitions,competitions
incomptable,incompatible
cencus,census
uncertainity,uncertainty
assassintation,assassination
varations,variations
abondoned,abandoned
obediance,obedience
distructive,destructive
journied,journeyed
corrisponded,corresponded
hasnt,hasn t
descendands,descendants
gauranteed,guaranteed
unconcious,unconscious
leran,learn
witheld,withheld
essentual,essential
rewitten,rewritten
candiate,candidate
unneccesary,unnecessary
afficionado,aficionado
refereneced,referenced
correspondant,correspondent
allegence,allegiance
restaraunteur,restaurateur
athiesm,atheism
fufilled,fulfilled
dowloads,downloads
govement,government
sudent,student
illegitmate,illegitimate
manufature,manufacture
laguages,languages
diconnects,disconnects
adquired,acquired
reveiw,review
ocasionaly,occasionally
releses,releases
faught,fought
clasic,classic
tehy,they
succesion,succession
speciallized,specialised
misdemenor,misdemeanor
reconcilation,reconciliation
emmediately,immediately
mispell,misspell
ressurrection,resurrection
constarnation,consternation
sheat,sheath
publissher,publisher
wass,was
envolutionary,evolutionary
efficently,efficiently
contigent,contingent
overwelming,overwhelming
tendancy,tendency
medacine,medicine
apperances,appearances
knifes,knives
controversey,controversy
persuded,persuaded
volounteers,volunteers
ammused,amused
possessess,possesses
peloponnes,peloponnesus
headquarer,headquarter
accussed,accused
acheived,achieved
instuction,instruction
tormenters,tormentors
ditributed,distributed
synonymns,synonyms
verison,version
mistery,mystery
agregates,aggregates
ocurred,occurred
averageed,averaged
recontructed,reconstructed
rised,raised
proccess,process
aquisition,acquisition
completelyl,completely
usally,usually
dupicate,duplicate
adminstrate,administrate
commemerative,commemorative
missle,missile
rentors,renters
charistics,characteristics
anwsered,answered
verfication,verification
altough,although
desireable,desirable
labratory,laboratory
competance,competence
swaer,swear
comited,committed
tyrranies,tyrannies
troup,troupe
godess,goddess
catapillar,caterpillar
ocurr,occur
refromist,reformist
advertisments,advertisements
poulations,populations
attened,attended
mortage,mortgage
apprearance,appearance
wholey,wholly
valueable,valuable
daugher,daughter
commonweath,commonwealth
pallete,palette
iwth,with
intially,initially
poportional,proportional
negligable,negligible
buddist,buddhist
authobiography,autobiography
prominately,prominently
contributers,contributors
suprising,surprising
asthetical,aesthetical
privledge,privilege
proclamed,proclaimed
signifigant,significant
tounge,tongue
definitly,definitely
guarentees,guarantees
hillarious,hilarious
insistance,insistence
politican,politician
intrument,instrument
pertubation,perturbation
soudns,sounds
studing,studying
palce,place
ahppen,happen
omniverous,omnivorous
larrry,larry
adventrous,adventurous
drnik,drink
charasmatic,charismatic
mutiliated,mutilated
caterpillers,caterpillars
addionally,additionally
difficulity,difficulty
sargeant,sergeant
circulaton,circulation
everyting,everything
homogeneized,homogenized
loosing,losing
santioned,sanctioned
jouney,journey
marrtyred,martyred
prepartion,preparation
eventualy,eventually
heathy,healthy
ocassioned,occasioned
curch,church
spoonfulls,spoonfuls
succeds,succeeds
qtuie,quite
puertorrican,puerto rican
prominant,prominent
varing,varying
tatoo,tattoo
runing,running
agressor,aggressor
repubican,republican
progroms,pogroms
obession,obsession
doens,does
adn,and
happenned,happened
assit,assist
incidentially,incidentally
govornment,government
subtances,substances
spectaulars,spectaculars
publlisher,publisher
clas,class
auther,author
harrassment,harassment
councellors,councillors
correcters,correctors
commericially,commercially
preceeding,preceding
consentrates,concentrates
gameboy,game boy
saterdays,saturdays
throrough,thorough
repeteadly,repeatedly
repblic,republic
contributer,contributor
greatfully,gratefully
strenghten,strengthen
aginst,against
abilty,ability
belives,believes
constanly,constantly
sionist,zionist
diamons,diamonds
genialia,genitalia
requirment,requirement
soveits,soviets
algoritms,algorithms
transcendant,transcendent
aiport,airport
emmisaries,emissaries
dissappears,disappears
nineth,ninth
oppononent,opponent
continously,continuously
recuring,recurring
intercontinential,intercontinental
disatisfied,dissatisfied
foundary,foundry
principial,principal
incredable,incredible
casues,causes
extint,extinct
eminate,emanate
chemcial,chemical
fimilies,families
establising,establishing
smealting,smelting
repubics,republics
facist,fascist
repatition,repetition
dispair,despair
waht,what
pilgrimmages,pilgrimages
imanent,eminent
blaimed,blamed
univeral,universal
unuseable,unusable
refridgerator,refrigerator
despict,depict
infilitration,infiltration
rucuperate,recuperate
refernce,reference
abundacies,abundances
pinapple,pineapple
juadism,judaism
poltical,political
wille,will
exagerrating,exaggerating
publicaly,publicly
higest,highest
authrorities,authorities
inventer,inventor
clasical,classical
slighly,slightly
survivers,survivors
completedthe,completed the
aeriel,aerial
hierachical,hierarchical
chracter,character
philosphies,philosophies
varities,varieties
electic,eclectic
embarassing,embarrassing
nuisanse,nuisance
anthropolgist,anthropologist
publicher,publisher
exemple,example
surpressed,suppressed
guaduloupe,guadalupe
relpacement,replacement
vehicule,vehicle
muscicians,musicians
origional,original
infomation,information
piblisher,publisher
insensative,insensitive
begining,beginning
themselfs,themselves
resteraunt,restaurant
extemely,extremely
noticeing,noticing
agricultue,agriculture
unsuprizingly,unsurprisingly
napolean,napoleon
cemetaries,cemeteries
enviromentally,environmentally
ressembled,resembled
wholy,wholly
maintainance,maintenance
manouver,maneuver
conciously,consciously
imigration,emigration
incompatiblities,incompatibilities
circut,circuit
adavanced,advanced
divison,division
precice,precise
directoty,directory
consitution,constitution
indulgue,indulge
olther,other
indigineous,indigenous
desitned,destined
attemting,attempting
gerat,great
conquerer,conqueror
dardenelles,dardanelles
horrifing,horrifying
arguement,argument
refering,referring
recieves,receives
effulence,effluence
expeced,expected
assualted,assaulted
gallaxies,galaxies
visable,visible
holliday,holiday
grat,great
phenomonon,phenomenon
peformed,performed
unballance,unbalance
intervines,intervenes
seige,siege
aledge,allege
abreviation,abbreviation
differentiatiations,differentiations
fullfilled,fulfilled
ocuntry,country
harasments,harassments
godesses,goddesses
phenomenonal,phenomenal
somwhere,somewhere
attemped,attempted
partialy,partially
ciriculum,curriculum
influented,influenced
assasinates,assassinates
ressemblence,resemblance
phylosophical,philosophical
receeded,receded
thikning,thinking
subconsiously,subconsciously
taxanomic,taxonomic
consciouness,consciousness
appology,apology
severeal,several
noteable,notable
residental,residential
femminist,feminist
achievment,achievement
incorportaed,incorporated
liuke,like
comparitive,comparative
wasnt,wasn t
repetion,repetition
manuver,maneuver
disctinctive,distinctive
accidentaly,accidentally
embarras,embarrass
perosnality,personality
ensconsed,ensconced
decendants,descendants
tempertaure,temperature
peice,piece
condidtions,conditions
fufill,fulfill
wokring,working
vigeur,vigueur
immidiately,immediately
signfies,signifies
similarily,similarly
approxamately,approximately
priveliges,privileges
endig,ending
monestaries,monasteries
abutts,abuts
catagories,categories
recuiting,recruiting
beccause,because
leanr,lean
breif,brief
ganster,gangster
unweildly,unwieldy
inudstry,industry
constituion,constitution
protaganists,protagonists
dissappear,disappear
seldomly,seldom
imprisonned,imprisoned
consistantly,consistently
republians,republicans
conservitive,conservative
premeire,premiere
appealling,appealing
possibile,possible
fightings,fighting
exicting,exciting
galvinized,galvanized
reccommending,recommending
acheiving,achieving
inseperable,inseparable
undreground,underground
assoicated,associated
pensinula,peninsula
sucesful,successful
sovereignity,sovereignty
russion,russian
prooved,proved
referrs,refers
incompetant,incompetent
pavillion,pavilion
abandonned,abandoned
penerator,penetrator
reorganision,reorganisation
garantees,guarantees
similiarly,similarly
surplanted,supplanted
assertation,assertion
countains,contains
indpendent,independent
miscelaneous,miscellaneous
repulican,republican
maked,marked
scaricity,scarcity
unlikey,unlikely
rebllions,rebellions
consituted,constituted
obstacal,obstacle
unchallengable,unchallengeable
sedereal,sidereal
carismatic,charismatic
preceeds,precedes
monickers,monikers
proccessing,processing
occassional,occasional
severly,severely
heigher,higher
gogin,going
penninsular,peninsular
allegedely,allegedly
strictist,strictest
parellels,parallels
tremelo,tremolo
adecuate,adequate
prairy,prairie
immunosupressant,immunosuppressant
buoancy,buoyancy
conditionsof,conditions of
likelyhood,likelihood
recogize,recognize
priveledges,privileges
convential,conventional
pomegranite,pomegranate
immidately,immediately
analagous,analogous
fortelling,foretelling
independantly,independently
oximoron,oxymoron
attributred,attributed
contibutes,contributes
monestary,monastery
structual,structural
plantiff,plaintiff
practicly,practically
incomptetent,incompetent
inablility,inability
seached,searched
discontentment,discontent
obediant,obedient
scince,science
caperbility,capability
conciousness,consciousness
practioner,practitioner
hitsingles,hit singles
nessasarily,necessarily
identicial,identical
htis,this
beggin,begin
comissioned,commissioned
peacefuland,peaceful and
becames,becomes
heridity,heredity
conesencus,consensus
peculure,peculiar
emmigrated,emigrated
compatiable,compatible
comissions,commissions
apenines,apennines
subsiduary,subsidiary
phillipines,philippines
smoe,some
thign,thing
alternitives,alternatives
theri,their
originaly,originally
collonies,colonies
occurr,occur
comando,commando
sucesses,successes
thyat,that
traditition,tradition
opthamologist,ophthalmologist
devided,divided
herad,heard
withing,within
prestigeous,prestigious
incompetance,incompetence
insitution,institution
possiblities,possibilities
excellance,excellence
happended,happened
ocuntries,countries
recomending,recommending
toke,took
beleiving,believing
decribe,describe
casuing,causing
rigeur,rigueur
competiveness,competitiveness
recieve,receive
foward,forward
bedore,before
critisized,criticised
awared,awarded
acustommed,accustomed
parrallell,parallel
substraction,subtraction
purpotedly,purportedly
constituants,constituents
yaching,yachting
respectivly,respectively
emphysyma,emphysema
shortwhile,short while
movei,movie
arogent,arrogant
achievments,achievements
apperance,appearance
twelth,twelfth
affort,afford
adequit,adequate
civillian,civilian
republi,republic
asthetic,aesthetic
stubborness,stubbornness
carmalite,carmelite
oppinion,opinion
incarcirated,incarcerated
simultanously,simultaneously
greif,grief
concensus,consensus
cassowarry,cassowary
volonteered,volunteered
inofficial,unofficial
commitee,committee
guiness,guinness
meterology,meteorology
previvous,previous
threshhold,threshold
betwen,between
anulled,annulled
currenly,currently
asociated,associated
alcholic,alcoholic
technnology,technology
fullfill,fulfill
exchanching,exchanging
casue,cause
repentence,repentance
readmition,readmission
indpendently,independently
componant,component
cyclinder,cylinder
consolodated,consolidated
leage,league
solatary,solitary
sensure,censure
informtion,information
envrionments,environments
godounov,godunov
faciliated,facilitated
phenomenom,phenomenon
recompence,recompense
todya,today
temparate,temperate
substatial,substantial
immediatly,immediately
harrasses,harassed
assasination,assassination
electrial,electrical
legitmate,legitimate
phenomonenon,phenomenon
electricly,electrically
orginize,organise
heiroglyphics,hieroglyphics
moderm,modem
enduce,induce
intelectual,intellectual
cannotation,connotation
paitience,patience
teached,taught
mamalian,mammalian
conciders,considers
demenor,demeanor
dependancy,dependency
agianst,against
guarentee,guarantee
curcuit,circuit
attaindre,attainder
perjery,perjury
sucessfull,successful
pumkin,pumpkin
seperation,separation
disatisfaction,dissatisfaction
millitant,militant
atorney,attorney
heidelburg,heidelberg
sattelite,satellite
movment,movement
responibilities,responsibilities
dipthongs,diphthongs
saught,sought
acccused,accused
dissappointed,disappointed
endevors,endeavors
surveilence,surveillance
distrubution,distribution
dirived,derived
gracefull,graceful
exectued,executed
reciept,receipt
devestating,devastating
formelly,formerly
mediciney,mediciny
recepient,recipient
sacrifical,sacrificial
definetly,definitely
literaly,literally
dissagreement,disagreement
everytime,every time
catholocism,catholicism
suposedly,supposedly
alcoholical,alcoholic
beleive,believe
managment,management
tongiht,tonight
popularaty,popularity
addopt,adopt
acomplishment,accomplishment
cementary,cemetery
resturaunts,restaurants
affilliate,affiliate
wendsay,wednesday
alse,else
visting,visiting
surfce,surface
indispensible,indispensable
provinicial,provincial
rythem,rhythm
independece,independence
approxiately,approximately
corrispond,correspond
considerd,considered
emmisions,emissions
illution,illusion
playwrites,playwrights
muder,murder
assoicate,associate
extradiction,extradition
equivlalent,equivalent
diosese,diocese
doccument,document
appearence,appearance
strenghtened,strengthened
unneccessarily,unnecessarily
torpeados,torpedoes
potrayed,portrayed
pomotion,promotion
unsucesfuly,unsuccessfully
radiactive,radioactive
phenonmena,phenomena
whith,with
shorly,shortly
unneccessary,unnecessary
volonteering,volunteering
agregate,aggregate
openess,openness
conserning,concerning
exagerated,exaggerated
aquaduct,aqueduct
aquiantance,acquaintance
dominaton,domination
comissioner,commissioner
oppossed,opposed
exersize,exercise
emmisary,emissary
lieuenant,lieutenant
brillant,brilliant
consonents,consonants
exerciese,exercises
dispence,dispense
descuss,discuss
sepulchure,sepulchre
inevititably,inevitably
negotation,negotiation
pattented,patented
surreptiously,surreptitiously
instatance,instance
amalgomated,amalgamated
morgage,mortgage
geometrician,geometer
witn,with
thoughout,throughout
aplied,applied
palistinian,palestinian
crowm,crown
suposed,supposed
absense,absence
surprizingly,surprisingly
peom,poem
consorcium,consortium
sofware,software
tjhe,the
dicovery,discovery
censur,censor
satelites,satellites
abondons,abandons
realy,really
yeilding,yielding
eligable,eligible
ocurrance,occurrence
recommedations,recommendations
befoer,before
anbd,and
oging,going
morrisette,morissette
noteriety,notoriety
nmae,name
additonal,additional
demographical,demographic
temperment,temperament
leathal,lethal
televsion,television
relinqushment,relinquishment
miltary,military
allegience,allegiance
geographicial,geographical
candadate,candidate
excecuted,executed
religeous,religious
tendacy,tendency
collonade,colonnade
weild,wield
brimestone,brimstone
decendant,descendant
rhythim,rhythm
cartilidge,cartilage
momento,memento
practicioners,practitioners
materalists,materialist
absailing,abseiling
effords,efforts
membranaphone,membranophone
embargos,embargoes
critisize,criticise
familliar,familiar
autor,author
responisble,responsible
confids,confides
gottleib,gottlieb
costitution,constitution
tath,that
specfic,specific
reliablity,reliability
undetecable,undetectable
htere,there
authoritiers,authorities
origanaly,originally
huminoid,humanoid
opprotunity,opportunity
nonsence,nonsense
harassement,harassment
muncipality,municipality
coincedentally,coincidentally
versitlity,versatility
earlies,earliest
stateman,statesman
ocassional,occasional
renedered,rende
saxaphone,saxophone
hierachies,hierarchies
plagarism,plagiarism
yeasr,years
sorrounding,surrounding
posess,possess
levetate,levitate
methaphor,metaphor
parallely,parallelly
mroe,more
literture,literature
constinually,continually
immitated,imitated
mysogynist,misogynist
sucessot,successor
metalurgical,metallurgical
capturd,captured
innoculated,inoculated
markes,marks
vetween,between
agina,again
artifical,artificial
litterally,literally
imigrant,emigrant
aggaravates,aggravates
unsed,used
overshaddowed,overshadowed
posessing,possessing
manoeuverability,maneuverability
adressing,addressing
sieze,seize
himselv,himself
appeareance,appearance
arund,around
suround,surround
auxilliary,auxiliary
autoctonous,autochthonous
holf,hold
consequeseces,consequences
asssassans,assassins
controversal,controversial
assoicates,associates
coform,conform
recogise,recognise
owrk,work
senstive,sensitive
desctruction,destruction
stucture,structure
eventally,eventually
bombardement,bombardment
busineses,business
achive,achieve
transmissable,transmissible
indictement,indictment
inclreased,increased
levetating,levitating
ocassion,occasion
syphyllis,syphilis
weilded,wielded
comisioning,commissioning
flemmish,flemish
seperates,separates
offically,officially
approproximate,approximate
doub,doubt
claimes,claims
refrers,refers
addopted,adopted
resistent,resistant
stlye,style
theives,thieves
tkaes,takes
acquiantences,acquaintances
humoural,humoral
equalibrium,equilibrium
sincerley,sincerely
desinations,destinations
releive,relieve
bizzare,bizarre
truely,truly
northereastern,northeastern
austrailia,australia
protaganist,protagonist
contamporaries,contemporaries
mischevious,mischievous
maching,machine
reacll,recall
tradionally,traditionally
polutes,pollutes
lvoe,love
sinse,sines
abilityes,abilities
sucessfuly,successfully
referencs,references
critereon,criterion
arround,around
ommitted,omitted
questonable,questionable
perhasp,perhaps
claer,clear
unihabited,uninhabited
scuptures,sculptures
revaluated,reevaluated
commuinications,communications
critisising,criticising
poenis,penis
comback,comeback
ressembling,resembling
sucess,success
farenheit,fahrenheit
unathorised,unauthorised
marryied,married
athenean,athenian
alwyas,always
publically,publicly
alchol,alcohol
alledge,allege
attrocities,atrocities
influencial,influential
unmanouverable,unmaneuverable
casette,cassette
rougly,roughly
comparisions,comparisons
esle,else
organim,organism
blessure,blessing
becamae,became
yatch,yacht
imagin,imagine
througout,throughout
hydropobe,hydrophobe
comisioned,commissioned
phongraph,phonograph
conspiracys,conspiracies
abotu,about
organiztion,organization
commuications,communications
decison,decision
procedes,proceeds
historicians,historians
processer,processor
fluorish,flourish
evidentally,evidently
wherease,whereas
engieneers,engineers
quitted,quit
lerans,learns
diphtong,diphthong
derogitory,derogatory
nutritents,nutrients
disapeared,disappeared
speices,species
spectauclar,spectacular
carachter,character
cannisters,canisters
warrent,warrant
negociate,negotiate
disaproval,disapproval
sudents,students
profesor,professor
arangement,arrangement
transesxuals,transsexuals
mathematican,mathematician
ingreediants,ingredients
shreak,shriek
asteriod,asteroid
obstruced,obstructed
trancending,transcending
profilic,prolific
enviornmental,environmental
storise,stories
scrutinity,scrutiny
vistors,visitors
assisnate,assassinate
finaly,finally
ellected,elected
negociations,negotiations
tust,trust
aganist,against
consonent,consonant
devistating,devastating
increadible,incredible
misteryous,mysterious
extention,extension
boook,book
posesses,possesses
occured,occurred
florescent,fluorescent
neccessary,necessary
dissobediant,disobedient
amunition,ammunition
communciation,communication
uise,use
reconized,recognized
exonorate,exonerate
garantee,guarantee
usefull,useful
realsitic,realistic
oppositition,opposition
unviersity,university
incoroporated,incorporated
disproportiate,disproportionate
numberous,numerous
quinessential,quintessential
agreeement,agreement
disasterous,disastrous
activites,activities
suprize,surprise
neverthless,nevertheless
spects,aspects
abreviate,abbreviate
incompatability,incompatibility
presidenital,presidential
suprise,surprise
availiable,available
aquiring,acquiring
carnagie,carnegie
copmetitors,competitors
admissability,admissibility
turnk,turnkey
anouncement,announcement
ammendments,amendments
afficionados,aficionados
arbitary,arbitrary
personel,personnel
excecution,execution
theyre,they re
unrepetent,unrepentant
subjudgation,subjugation
automibile,automobile
inpeach,impeach
acknowldeged,acknowledged
coucil,council
alomst,almost
tranformed,transformed
liek,like
dosen t,doesn t
seing,seeing
exploititive,exploitative
occurences,occurrences
asfar,as far
smae,same
telelevision,television
avalance,avalanche
sppeches,speeches
desoriented,disoriented
suprassing,surpassing
labled,labelled
supposingly,supposedly
acommodate,accommodate
privelleges,privileges
helpfull,helpful
spendour,splendour
criterias,criteria
mkaes,makes
stainlees,stainless
progidy,prodigy
agred,agreed
succeded,succeeded
todays,today s
interelated,interrelated
automonomous,autonomous
foundaries,foundries
villify,vilify
overwheliming,overwhelming
ahve,have
interrim,interim
suprisingly,surprisingly
surrepetitious,surreptitious
inaguration,inauguration
efford,effort
culiminating,culminating
hvaing,having
incompatablities,incompatibilities
shadoloo,shadaloo
sucessfully,successfully
unsuprising,unsurprising
terriory,territory
apolegetics,apologetics
champange,champagne
iresistable,irresistible
decendents,descendants
occaison,occasion
forunner,forerunner
aroud,around
amoung,among
acording,according
creaeted,created
premeired,premiered
penisula,peninsula
rythmic,rhythmic
opthalmic,ophthalmic
centuty,century
futhermore,furthermore
entrepeneurs,entrepreneurs
accelleration,acceleration
govormental,governmental
recquired,required
carnigie,ellon  carnegie mellon
inevatible,inevitable
montains,mountains
bradcast,broadcast
abilties,abilities
chemicaly,chemically
teh,the
deterioriating,deteriorating
carcas,carcass
unforetunately,unfortunately
endevour,endeavour
desorder,disorder
prespective,perspective
foriegn,foreign
irresistable,irresistible
eleminating,eliminating
indefinately,indefinitely
seperated,separated
withh,with
gonig,going
compatablities,compatibilities
excelent,excellent
critisizing,criticising
neigbourhood,neighbourhood
incompatabilities,incompatibilities
lybia,libya
messanger,messenger
beacuse,because
doulbe,double
mileu,milieu
rememberance,remembrance
auxilliaries,auxiliaries
menally,mentally
succesive,successive
implimented,implemented
inadiquate,inadequate
acceptence,acceptance
broadacasting,broadcasting
consdiered,considered
misdameanor,misdemeanor
suprized,surprised
acknowledgeing,acknowledging
wiull,will
bernouilli,bernoulli
transformaton,transformation
reffered,referred
melieux,milieux
atempting,attempting
milion,million
vaieties,varieties
relitavely,relatively
equilibium,equilibrium
excellant,excellent
baceause,because
artifically,artificially
artillary,artillery
chasr,chaser
formalhaut,fomalhaut
tkae,take
addresed,addressed
perheaps,perhaps
constituional,constitutional
billingualism,bilingualism
calander,calendar
boyant,buoyant
strenghtening,strengthening
divice,device
donig,doing
paliamentarian,parliamentarian
apparantly,apparently
carnige,carnage
disolved,dissolved
cannnot,cannot
fouth,fourth
layed,laid
bankrupcy,bankruptcy
cervial,cervical
appropiate,appropriate
protoganist,protagonist
enchancement,enhancement
aforememtioned,aforementioned
tyhat,that
divisons,divisions
geometricians,geometers
areodynamics,aerodynamics
nkow,know
acquaintence,acquaintance
cumulatative,cumulative
contined,continued
entitity,entity
sacremento,sacramento
durring,during
overthere,over there
tabacco,tobacco
repblicans,republicans
cxan,cyan
committments,commitments
faciliates,facilitates
phonecian,phoenecian
pennyslvania,pennsylvania
recrod,record
volounteered,volunteered
allready,already
essentail,essential
grafitti,graffiti
dissobedient,disobedient
monserrat,montserrat
androgeny,androgyny
poverful,powerful
surrended,surrounded
socalism,socialism
cerimonious,ceremonious
spred,spread
troling,trolling
perpertrated,perpetrated
programable,programmable
missisipi,mississippi
superintendant,superintendent
practicioner,practitioner
inprisonment,imprisonment
pronounched,pronounced
cattleship,battleship
engieneer,engineer
predicatble,predictable
imagenary,imaginary
iresistibly,irresistibly
ultimely,ultimately
implamenting,implementing
acheivement,achievement
rythyms,rhythms
approachs,approaches
eyar,year
contraversy,controversy
sheild,shield
flourine,fluorine
appologies,apologies
andd,and
devasted,devastated
frome,from
formallize,formalize
afair,affair
catagorized,categorized
crockodiles,crocodiles
sepina,subpoena
diaster,disaster
emmitting,emitting
maintance,maintenance
repblican,republican
lmits,limits
techicians,technicians
occour,occur
prominance,prominence
bcak,back
peretrator,perpetrator
efficency,efficiency
remaing,remaining
blaim,blame
neolitic,neolithic
reaccurring,recurring
possesing,possessing
mercentile,mercantile
idesa,ideas
alientating,alienating
medeival,medieval
careing,caring
surrouded,surrounded
trafficing,trafficking
mailny,mainly
liekd,liked
decomposit,decompose
anomolous,anomalous
commerically,commercially
suceeding,succeeding
bakc,back
detailled,detailed
refference,reference
hindrence,hindrance
exection,execution
claerer,clearer
abscence,absence
wiht,with
portait,portrait
controlls,controls
evenhtually,eventually
decendent,descendant
priveliged,privileged
repentent,repentant
millioniare,millionaire
sponzored,sponsored
embarass,embarrass
distiction,distinction
montypic,monotypic
alochol,alcohol
articel,article
recurrance,recurrence
essense,essence
determinining,determining
enourmous,enormous
governer,governor
refect,reflect
signficiant,significant
fiels,feels
siezure,seizure
interpet,interpret
proffesed,professed
soverignty,sovereignty
dissobedience,disobedience
configureable,configurable
carnagie,ellon  carnegie mellon
yementite,yemenite
mediterainnean,mediterranean
technitian,technician
unfourtunately,unfortunately
afficianados,aficionados
misfourtunes,misfortunes
archeaologists,archeologists
meaninng,meaning
offical,official
torpedos,torpedoes
druming,drumming
livley,lively
acheive,achieve
reccomendations,recommendations
sufficent,sufficient
persued,pursued
siginificant,significant
basicly,basically
critisism,criticism
harases,harasses
mechandise,merchandise
reconaissance,reconnaissance
indipendent,independent
proceedure,procedure
illegimacy,illegitimacy
enviromental,environmental
conected,connected
notabley,notably
wupport,support
shiped,shipped
libell,libel
munnicipality,municipality
appropropiate,appropriate
similiar,similar
aquainted,acquainted
tyhe,they
alcohal,alcohol
auromated,automated
launhed,launched
asthetically,aesthetically
gropu,group
reconnaisance,reconnaissance
formaly,formally
expatriot,expatriate
vyer,very
multicultralism,multiculturalism
opthalmology,ophthalmology
sneeks,sneaks
populare,popular
comission,commission
referece,reference
wokr,work
pronouced,pronounced
involvment,involvement
syncronization,synchronization
imploys,employs
parrakeets,parakeets
milennia,millennia
caluculated,calculated
singsog,singsong
omited,omitted
incorperation,incorporation
relatiopnship,relationship
excecuting,executing
iunior,junior
dispicable,despicable
unahppy,unhappy
posessions,possessions
corrispondant,correspondent
beleif,belief
warrriors,warriors
irreplacable,irreplaceable
embarrasment,embarrassment
intered,interred
opthalmologist,ophthalmologist
plesant,pleasant
beachead,beachhead
catergorize,categorize
prominantly,prominently
attension,attention
exagerrates,exaggerates
coridal,cordial
prophacy,prophecy
reacing,reaching
consituencies,constituencies
wnat,want
principaly,principality
avation,aviation
indespensible,indispensable
reportadly,reportedly
carribbean,caribbean
errupted,erupted
quantitiy,quantity
scinece,science
representives,representatives
appropraite,appropriate
consitutional,constitutional
audeince,audience
fianite,finite
exerternal,external
noticable,noticeable
controveries,controversies
architechtures,architectures
oportunity,opportunity
alledged,alleged
curriculem,curriculum
enviromentalist,environmentalist
repblics,republics
palistian,palestinian
compatabilities,compatibilities
privalege,privilege
sergent,sergeant
temperarily,temporarily
compatiblity,compatibility
liscense,license
saterday,saturday
manuever,maneuver
startegy,strategy
certainity,certainty
archaoelogy,archeology
asorbed,absorbed
itnroduced,introduced
cpoy,coy
instade,instead
froniter,frontier
archtype,archetype
charaterized,characterized
gurantees,guarantees
aprehensive,apprehensive
socities,societies
institue,institute
supplamented,supplemented
traditionnal,traditional
habaeus,habeas
probabilaty,probability
lightyear,light year
preceeded,preceded
performence,performance
reknowned,renowned
propogate,propagate
annoint,anoint
longitudonal,longitudinal
rulle,rule
extentions,extensions
mathmaticians,mathematicians
monolite,monolithic
adressable,addressable
libitarianisn,libertarianism
levle,level
dicover,discover
publsiher,publisher
unsucessfull,unsuccessful
restarant,restaurant
privilage,privilege
hospitible,hospitable
bouyancy,buoyancy
colaborations,collaborations
consdidered,considered
seach,search
thigsn,things
whta,what
begginings,beginnings
contemporaneus,contemporaneous
deteriate,deteriorate
widesread,widespread
hyjacking,hijacking
eratically,erratically
manouverability,maneuverability
formost,foremost
pseudonyn,pseudonym
agriculure,agriculture
copywrite,copyright
unanymous,unanimous
manuevers,maneuvers
provisiosn,provision
casulaty,casualty
corparate,corporate
contempory,contemporary
varient,variant
pronounciation,pronunciation
beteen,between
alowed,allowed
destablized,destabilized
zeebra,zebr
reciepents,recipients
bemusemnt,bemusement
unplesant,unpleasant
decribed,described
ansalisation,nasalisation
banruptcy,bankruptcy
paleolitic,paleolithic
diminuitive,diminutive
repulicans,republicans
presitgious,prestigious
especialy,especially
inteligence,intelligence
hosited,hoisted
ghandi,gandhi
ihaca,ithaca
receivedfrom,received from
omision,omission
dominiant,dominant
judisuary,judiciary
delagates,delegates
perade,parade
neccesarily,necessarily
octohedra,octahedra
containes,contains
generatting,generating
wnated,wanted
whcih,which
amoungst,amongst
profesion,profusion
makse,makes
recordproducer,record producer
feburary,february
propper,proper
ammended,amended
startegic,strategic
polyphonyic,polyphonic
notwhithstanding,notwithstanding
ahev,have
advesary,adversary
lonelyness,loneliness
hierachy,hierarchy
procedger,procedure
sotry,story
aggresive,aggressive
alltogether,altogether
magisine,magazine
amerliorate,ameliorate
emiting,emitting
buisness,business
emminent,eminent
vyre,very
unoperational,nonoperational
definatly,definitely
inheritage,heritage
acheivments,achievements
aleged,alleged
successfull,successful
klenex,kleenex
neigborhood,neighborhood
continential,continental
carrers,careers
taxanomy,taxonomy
saftey,safety
philisophy,philosophy
lefted,left
scavanged,scavenged
distingquished,distinguished
recipiants,recipients
accidently,accidentally
exagerates,exaggerates
ocassions,occasions
workststion,workstation
excercise,exercise
primarly,primarily
divinition,divination
lieing,lying
multipled,multiplied
rhymme,rhyme
yuo,you
watn,want
caligraphy,calligraphy
referiang,referring
publisherr,publisher
imense,immense
inpenetrable,impenetrable
immitator,imitator
throughly,thoroughly
transfering,transferring
calulate,calculate
hwile,while
thiunk,think
commongly,commonly
wayword,wayward
irelevent,irrelevant
dicovers,discovers
spontanous,spontaneous
agricuture,agriculture
promiscous,promiscuous
admitedly,admittedly
thikn,think
strenghened,strengthened
commiting,committing
cathlic,catholic
aplication,application
surprized,surprised
achivements,achievements
differnt,different
consttruction,construction
bouyant,buoyant
satric,satiric
noteably,notably
deteoriated,deteriorated
backgorund,background
ealier,earlier
preperations,preparations
necesarily,necessarily
missen,mizzen
intruduced,introduced
exibition,exhibition
inappropiate,inappropriate
restauranteurs,restaurateurs
hstory,history
pasengers,passengers
guiseppe,giuseppe
gridles,griddles
wich,which
guranteed,guaranteed
mediteranean,mediterranean
creche,cr che
portugese,portuguese
excell,excel
minstry,ministry
rwite,write
siezures,seizures
abundancies,abundances
standars,standards
inumerable,enumerable
substracting,subtracting
compability,compatibility
exampt,exempt
minsitry,ministry
vreity,variety
banannas,bananas
abundunt,abundant
primordal,primordial
distingishing,distinguishing
efel,evil
carribean,caribbean
inaugures,inaugurates
tyrrany,tyranny
countrie s,countries
capible,capable
unsurprized,unsurprised
organistion,organisation
exellent,excellent
pretection,protection
offereings,offerings
beaurocracy,bureaucracy
unconfortability,discomfort
consept,concept
admininistrative,administrative
bodydbuilder,bodybuilder
marjority,majority
reffering,referring
enameld,enameled
paralelly,parallelly
atributes,attributes
febuary,february
shoudln,should
intrest,interest
addional,additional
accessable,accessible
seaches,searches
hwole,whole
indipendently,independently
inpending,impending
condidtion,condition
goign,going
compatiblities,compatibilities
peopel,people
stoyr,story
imcomplete,incomplete
admited,admitted
precurser,precursor
chemcially,chemically
originially,originally
surreptious,surreptitious
doccumented,documented
permenantly,permanently
yaerly,yearly
contravercial,controversial
immitating,imitating
verisons,versions
polution,pollution
primatively,primitively
ommision,omission
rela,real
extremly,extremely
emblamatic,emblematic
gaurantee,guarantee
eurpean,european
anytying,anything
harasment,harassment
obstancles,obstacles
harrassing,harassing
quicklyu,quickly
harrassed,harassed
wief,wife
liason,liaison
priciple,principle
dispostion,disposition
pubilsher,publisher
oxigen,oxygen
agreemnt,agreement
collony,colony
controvercy,controversy
compatable,compatible
supresses,suppresses
helment,helmet
inlcuding,including
suposing,supposing
centruies,centuries
exagerating,exaggerating
volonteers,volunteers
frequentily,frequently
mear,wear
suprised,surprised
morroco,morocco
priviledge,privilege
reminent,remnant
antiapartheid,anti apartheid
dravadian,dravidian
transcendentational,transcendental
beng,being
relaly,really
primatives,primitives
diea,idea
headquater,headquarter
twpo,two
polinator,pollinator
regardes,regards
causalities,casualties
accesories,accessories
eles,eels
extrememly,extremely
enlargments,enlargements
portuguease,portuguese
maintinaing,maintaining
ocasioned,occasioned
mamal,mammal
assasinated,assassinated
saveing,saving
diferrent,different
eigth,eighth
souveniers,souvenirs
resembes,resembles
pricipal,principal
appearences,appearances
accredidation,accreditation
perpindicular,perpendicular
occurance,occurrence
inaccessable,inaccessible
magasine,magazine
aboutthe,about the
conived,connived
seeked,sought
reminsicent,reminiscent
capetown,cape town
safty,safety
millenia,millennia
engagment,engagement
extrordinary,extraordinary
equitorial,equatorial
facilites,facilities
preiod,period
vengence,vengeance
hypocricy,hypocrisy
aproximate,approximate
magincian,magician
januray,january
willk,will
accrediation,accreditation
alliviate,alleviate
skateing,skating
surrouding,surrounding
critizing,criticizing
typicaly,typically
tyrany,tyranny
cincinnatti,cincinnati
availible,available
tomatos,tomatoes
pary,party
memeber,member
pursuade,persuade
neice,niece
beneficary,beneficiary
pasttime,pastime
calculs,calculus
secratary,secretary
futher,further
unforgetable,unforgettable
thta,that
presumibly,presumably
mounth,month
siezing,seizing
charactors,characters
reenforced,reinforced
ocasional,occasional
vincinity,vicinity
wheras,whereas
wereabouts,whereabouts
catergorized,categorized
ocasion,occasion
muscial,musical
premonasterians,premonstratensians
philisophical,philosophical
twon,town
recieved,received
sucessive,successive
milennium,millennium
lotharingen,lothringen
responsiblities,responsibilities
unsuccesful,unsuccessful
archictect,architect
consentrated,concentrated
conquerers,conquerors
conveinent,convenient
primative,primitive
talekd,talked
criticists,critics
delapidated,dilapidated
sourthern,southern
pursuaded,persuaded
gaurd,guard
muscels,mussels
funguses,fungi
substract,subtract
reccomended,recommended
intrumental,instrumental
rococco,rococo
guage,gauge
repectively,respectively
priestood,priesthood
lieved,lived
manufatured,manufactured
willingless,willingness
minerial,mineral
proclaimation,proclamation
correspondants,correspondents
acomplish,accomplish
gaurentees,guarantees
liesure,leisure
lenght,length
esential,essential
orignally,originally
thikns,thinks
plateu,plateau
valetta,valletta
eventially,eventually
yearm,year
progrom,pogrom
ingenius,ingenious
addresable,addressable
tranform,transform
preceed,precede
emmision,emission
annointing,anointing
scaleable,scalable
decomposits,decomposes
goverance,governance
playwrite,playwright
inbalance,imbalance
contruction,construction
applicaiton,application
tommorrow,tomorrow
excisted,existed
vigourous,vigorous
expeiments,experiments
polinators,pollinators
variey,variety
forbiden,forbidden
ceratin,certain
dissapearing,disappearing
paralely,parallelly
ciricuit,circuit
effeciency,efficiency
awya,away
misile,missile
aranged,arranged
complier,compiler
maltesian,maltese
hierarcy,hierarchy
arguements,arguments
hallowean,hallowe en
caluculate,calculate
withold,withhold
scholarhip,scholarship
automaticly,automatically
ublisher,publisher
symetrically,symmetrically
emmited,emitted
derivitive,derivative
juristiction,jurisdiction
naturual,natural
spreaded,spread
blitzkreig,blitzkrieg
counries,countries
substracted,subtracted
soluable,soluble
magizine,magazine
ilogical,illogical
refedendum,referendum
athiest,atheist
chalenging,challenging
unforseen,unforeseen
charactersistic,characteristic
acomplishments,accomplishments
trigered,triggered
cemetary,cemetery
nuculear,nuclear
schedual,schedule
wroking,working
caterpiller,caterpillar
buisnessman,businessman
writen,written
accomadated,accommodated
crystalisation,crystallisation
infectuous,infectious
unchangable,unchangeable
adhearing,adhering
permanant,permanent
privelige,privilege
becomming,becoming
unconciousness,unconsciousness
abouta,about a
responsiblity,responsibility
draughtman,draughtsman
disputandem,disputandum
charachters,characters
desgined,designed
emphsis,emphasis
anarchistm,anarchism
pedestrain,pedestrian
arrengement,arrangement
massachussetts,massachusetts
devestated,devastated
beleives,believes
presumabely,presumably
conection,connection
fucntioning,functioning
suposes,supposes
slowy,slowly
varity,variety
definiton,definition
europians,europeans
rendezous,rendezvous
ideosyncratic,idiosyncratic
anonimity,anonymity
responsibile,responsible
realitvely,relatively
guatamala,guatemala
disobediance,disobedience
emnity,enmity
acident,accident
particulary,particularly
precentage,percentage
legitamate,legitimate
principlaity,principality
examinated,examined
entrepeneur,entrepreneur
discribe,describe
contian,contain
immediatley,immediately
buddah,buddha
stopry,story
loev,love
ocassionaly,occasionally
infinit,infinite
shouldnt,should not
shineing,shining
healthercare,healthcare
lazyness,laziness
persuits,pursuits
parisitic,parasitic
millitary,military
visably,visibly
consenquently,consequently
financialy,financially
artice,article
acomplished,accomplished
publishre,publisher
wtih,with
acheivements,achievements
deffensively,defensively
amendmant,amendment
theather,theater
expropiation,expropriation
miscellanous,miscellaneous
eyasr,years
furuther,further
pertubations,perturbations
vailidty,validity
intepretator,interpretor
segementation,segmentation
howver,however
analogeous,analogous
miscellanious,miscellaneous
interferance,interference
millepede,millipede
inefficienty,inefficiently
conjuction,conjunction
uninterupted,uninterrupted
succesfuly,successfully
avaliable,available
unrepetant,unrepentant
tlaking,talking
cerimonial,ceremonial
fougth,fought
succceeded,succeeded
refered,referred
churchs,churches
aggreement,agreement
coordiantion,coordination
responsibilites,responsibilities
aproval,approval
marrage,marriage
haemorrage,haemorrhage
offcially,officially
parituclar,particular
cannister,canister
pamplet,pamphlet
swepth,swept
prefering,preferring
predomiantly,predominately
reversable,reversible
remembrence,remembrance
morisette,morissette
cmo,com
collaberative,collaborative
authobiographic,autobiographic
particularily,particularly
acheives,achieves
deram,dram
gramatically,grammatically
tihs,this
originnally,originally
nestin,nesting
alwasy,always
catepillars,caterpillars
consequentually,consequently
alltime,all time
tornadoe,tornado
impedence,impedance
uneccesary,unnecessary
ommiting,omitting
wonderfull,wonderful
convienient,convenient
phillippines,philippines
univeristies,universities
harras,harass
authorites,authorities
rhythem,rhythm
ressurected,resurrected
eminated,emanated
suburburban,suburban
beggining,beginning
carryng,carrying
proprietory,proprietary
miliraty,military
feasable,feasible
encouraing,encouraging
nontheless,nonetheless
corridoors,corridors
stornegst,strongest
commisions,commissions
seguoys,segues
deliberatly,deliberately
progessed,progressed
mariage,marriage
univerity,university
dimentions,dimensions
flourescent,fluorescent
soverign,sovereign
higer,higher
attemp,attempt
experianced,experienced
metamorphysis,metamorphosis
ganerate,generate
surviver,survivor
surounds,surrounds
congresional,congressional
strenghening,strengthening
emmitted,emitted
restaraunts,restaurants
toubles,troubles
petetion,petition
unilatreal,unilateral
critisizes,criticises
flamable,flammable
minstries,ministries
scholarstic,scholastic
acquaintences,acquaintances
compulsery,compulsory
reptition,repetition
secceeded,seceded
possiblilty,possibility
controled,controlled
streemlining,streamlining
accoring,according
honory,honorary
allthough,although
sence,sense
yrea,year
consious,conscious
polical,political
tothe,to the
disricts,districts
subsquent,subsequent
stange,strange
fourties,forties
protocal,protocol
availablity,availability
unnecesarily,unnecessarily
thgat,that
comprable,comparable
occassions,occasions
abudance,abundance
soverignity,sovereignty
usualy,usually
agaisnt,against
gaurenteed,guaranteed
diversed,diverse
aisian,asian
peaple,people
beeing,being
pessiary,pessary
governmnet,government
soliliquy,soliloquy
yeras,years
tyranies,tyrannies
predecesors,predecessors
miligram,milligram
hydropilic,hydrophilic
preample,preamble
resignement,resignment
procedings,proceedings
tuscon,tucson
exeedingly,exceedingly
asume,assume
accomadations,accommodations
disemination,dissemination
commedic,comedic
abreviated,abbreviated
inital,initial
assasins,assassins
assymetrical,asymmetrical
juducial,judicial
provded,provided
towords,towards
incidently,incidentally
addres,address
auxillary,auxiliary
motiviated,motivated
comander,commander
agin,again
proceded,proceeded
subpecies,subspecies
protruberances,protuberances
disapointing,disappointing
exibitions,exhibitions
nuremburg,nuremberg
interrugum,interregnum
develpment,development
taht,that
broacasted,broadcast
metalic,metallic
prepatory,preparatory
alsot,also
sufferage,suffrage
massachussets,massachusetts
napoleonian,napoleonic
gaurantees,guarantees
condemmed,condemned
offred,offered
unitesstates,unitedstates
venemous,venomous
probaly,probably
epsiode,episode
alot,a lot
caculater,calculator
controling,controlling
desparate,desperate
decribes,describes
reciever,receiver
hten,then
fonetic,phonetic
sohw,show
congradulations,congratulations
iresistible,irresistible
unfortunatley,unfortunately
idealogy,ideology
naploeon,napoleon
orded,ordered
combanations,combinations
intergration,integration
inocence,innocence
catagory,category
prestigous,prestigious
beggins,begins
sacrafice,sacrifice
accomadating,accommodating
seperatism,separatism
millenial,millennial
perfomers,performers
destory,destroy
experiance,experience
violentce,violence
trafficed,trafficked
targetting,targeting
theese,these
radify,ratify
grammaticaly,grammatically
indipendence,independence
ninteenth,nineteenth
mythraic,mithraic
lightyears,light years
unnecesary,unnecessary
gouvener,governor
fiel,feel
whic,which
expierence,experience
japanes,japanese
expeditonary,expeditionary
specif,specific
atain,attain
assualt,assault
fanatism,fanaticism
intruments,instruments
cartrige,cartridge
acused,accused
effecient,efficient
powerfull,powerful
consulant,consultant
aslo,also
critisisms,criticisms
wirting,writing
refereneces,references
infallable,infallible
manouverable,maneuverable
shiping,shipping
representive,representative
intepretation,interpretation
cannotations,connotations
supressing,suppressing
firts,flirts
therby,thereby
absolutly,absolutely
agressively,aggressively
confortable,comfortable
newletters,newsletters
hypocrit,hypocrite
forsaw,foresaw
equiped,equipped
comany,company
independance,independence
salery,salary
resistable,resistible
dispite,despite
phenomenonly,phenomenally
psuedo,pseudo
adresable,addressable
caluclate,calculate
subsidary,subsidiary
govorment,government
abondoning,abandoning
commisioner,commissioner
discribing,describing
adquires,acquires
sufficently,sufficiently
lavae,larvae
responsability,responsibility
vasall,vassal
reoccurrence,recurrence
commemmorate,commemorate
seceed,succeed
rockerfeller,rockefeller
consistant,consistent
allopones,allophones
seinor,senior
emperical,empirical
attemted,attempted
convertables,convertibles
malcom,malcolm
hypocrits,hypocrites
shamen,shaman
aledged,alleged
accademy,academy
resturants,restaurants
mantained,maintained
succsessfull,successful
sherif,sheriff
nothern,northern
useing,using
histocompatability,histocompatibility
myraid,myriad
initiaitive,initiative
demostration,demonstration
carreer,career
ceromony,ceremony
carthographer,cartographer
adminstrator,administrator
spermatozoan,spermatozoon
posessed,possessed
altho,although
headquatered,headquartered
somtimes,sometimes
dimentional,dimensional
asetic,ascetic
studdy,study
thnigs,things
combusion,combustion
condamned,condemned
binominal,binomial
humerous,humorous
persuing,pursuing
descripters,descriptors
descision,decision
potatos,potatoes
apon,upon
tjpanishad,upanishad
eiter,either
glight,flight
accidant,accident
contritutions,contributions
appart,apart
algorhitms,algorithms
breakthroughts,breakthroughs
signficant,significant
extravagent,extravagant
nickle,nickel
begginer,beginner
unequalities,inequalities
artcile,article
defintion,definition
levetated,levitated
inevitible,inevitable
consumate,consummate
calulated,calculated
beaurocratic,bureaucratic
comemoretion,commemoration
fransiscan,franciscan
dicussed,discussed
trustworthyness,trustworthiness
interm,interim
synphony,symphony
methaphors,metaphors
challanged,challenged
thge,the
omiting,omitting
meterologist,meteorologist
storeis,stories
exmaple,example
inpolite,impolite
atribute,attribute
playright,playwright
intenational,international
habeus,habeas
nkwo,know
psycology,psychology
devolopement,development
reedeming,redeeming
chuch,church
gratuitious,gratuitous
reigining,reigning
fianlly,finally
enviorment,environment
largst,largest
infilitrated,infiltrated
aparment,apartment
interchangably,interchangeably
resemblence,resemblance
proove,prove
authoritive,authoritative
bonnano,bonanno
garnison,garrison
medievel,medieval
diety,deity
suprizing,surprising
metalurgy,metallurgy
deside,decide
aboutit,about it
collecton,collection
investingate,investigate
possition,position
adres,address
alchoholic,alcoholic
arrangments,arrangements
percieved,perceived
occassion,occasion
recident,resident
uncompetive,uncompetitive
dipthong,diphthong
idaes,ideas
comphrehensive,comprehensive
helpped,helped
acquiantence,acquaintance
postion,position
aborigene,aborigine
propoganda,propaganda
equialent,equivalent
goverment,government
realtions,relations
revolutionar,revolutionary
addressess,addresses
forfiet,forfeit
boaut,bout
suplimented,supplemented
parliment,parliament
lukid,likud
desktiop,desktop
constaints,constraints
terrestial,terrestrial
jaques,jacques
contstruction,construction
continous,continuous
contendor,contender
cheif,chief
flourishment,flourishing
irregardless,regardless
rigourous,rigorous
peotry,poetry
asphyxation,asphyxiation
plebicite,plebiscite
forhead,forehead
muhammadan,muslim
exerbate,exacerbate
hieght,height
triology,trilogy
extraterrestials,extraterrestrials
guttaral,guttural
excecutes,executes
pursuades,persuades
distruction,destruction
mathmatically,mathematically
publiser,publisher
munbers,numbers
swiming,swimming
wohle,whole
inflamation,inflammation
inproving,improving
comitting,committing
stpo,stop
equilibrum,equilibrium
committment,commitment
exerpt,excerpt
postdam,potsdam
vengance,vengeance
proces,process
publusher,publisher
adminstration,administration
bombarment,bombardment
accoustic,acoustic
cellpading,cellpadding
ancestory,ancestry
moent,moment
assemple,assemble
unsuccesfully,unsuccessfully
constituant,constituent
succedded,succeeded
presedential,presidential
ocasions,occasions
opponant,opponent
disagreeed,disagreed
restauraunt,restaurant
combinatins,combinations
octohedral,octahedral
propostion,proposition
vrey,very
committe,committee
eclispe,eclipse
univesity,university
cacuses,caucuses
stingent,stringent
defendent,defendant
bretheren,brethren
mysterous,mysterious
nto,not
occurances,occurrences
calulater,calculator
wresters,wrestlers
sucessor,successor
releived,relieved
beastiality,bestiality
perenially,perennially
acceptible,acceptable
senarios,scenarios
disctinction,distinction
tahn,than
rythm,rhythm
adviced,advised
gaurentee,guarantee
suseptible,susceptible
tolkein,tolkien
pleasent,pleasant
engeneering,engineering
reccomend,recommend
noticably,noticeably
allign,align
cornmitted,committed
preverse,perverse
stirrs,stirs
polysaccaride,polysaccharide
hapening,happening
exliled,exiled
unneccesarily,unnecessarily
chariman,chairman
repulic,republic
acedemic,academic
threatning,threatening
competion,competition
exoskelaton,exoskeleton
demorcracy,democracy
maintainence,maintenance
bondary,boundary
adquiring,acquiring
aka,a k a 
inagurated,inaugurated
conjecutre,conjecture
secretery,secretary
archtypes,archetypes
diphtongs,diphthongs
commemmorating,commemorating
janurary,january
intial,initial
polysaccharid,polysaccharide
debateable,debatable
embarrasing,embarrassing
preperation,preparation
liasons,liaisons
approximitely,approximately
sponser,sponsor
cahracters,characters
borke,broke
surronded,surrounded
inhabitans,inhabitants
theif,thief
negociation,negotiation
peaples,peoples
explaination,explanation
peopels,peoples
unbeleivable,unbelievable
behavour,behavior
inadquate,inadequate
worstened,worsened
iritable,irritable
substituded,substituted
sourth,south
reched,reached
noth,north
wordlwide,worldwide
israelies,israelis
accompanyed,accompanied
allopone,allophone
timne,time
sypmtoms,symptoms
referemce,reference
lippizaner,lipizzaner
eratic,erratic
commisioned,commissioned
accross,across
enviormental,environmental
supressed,suppressed
excecute,execute
paralel,parallel
seperating,separating
thn,then
jsut,just
strenous,strenuous
aledges,alleges
charactor,character
aquaintance,acquaintance
forseeable,foreseeable
delerious,delirious
instutions,intuitions
aicraft,aircraft
resembelance,resemblance
unplease,displease
becasue,because
impecabbly,impeccably
throught,thought
aparent,apparent
hvae,have
technolgy,technology
priveleges,privileges
adquire,acquire
exagerate,exaggerate
constatn,constant
unsurprizing,unsurprising
signifantly,significantly
ganes,games
durig,during
agrieved,aggrieved
surley,surly
persan,person
pususading,persuading
undesireable,undesirable
anthropolgy,anthropology
isnt,isn t
accquainted,acquainted
restaraunt,restaurant
sprech,speech
architechture,architecture
algebraical,algebraic
catterpillars,caterpillars
nowdays,nowadays
discribes,describes
michagan,michigan
cartdridge,cartridge
collegue,colleague
symettric,symmetric
hieroglphs,hieroglyphs
villian,villain
essentialy,essentially
optomism,optimism
delevopment,development
simultanous,simultaneous
tempaltes,templates
appereances,appearances
adressed,addressed
sountrack,soundtrack
compatablity,compatibility
dalmation,dalmatian
rennovated,renovated
procede,proceed
cmoputer,computer
aggregious,egregious
almsot,almost
sould,could
reguarly,regularly
insitutions,institutions
caterpilar,caterpillar
harrases,harasses
adminstered,administered
reccomending,recommending
judical,judicial
sytle,style
individualy,individually
idiosyncracy,idiosyncrasy
chemestry,chemistry
doctines,doctrines
hydropile,hydrophile
refrences,references
archiac,archaic
guadulupe,guadalupe
upgradded,upgraded
charachter,character
fomr,from
weas,was
attendent,attendant
indisputible,indisputable
stiring,stirring
controvertial,controversial
puting,putting
surrundering,surrendering
mosture,moisture
libary,library
strat,start
incompatiblity,incompatibility
campain,campaign
pennisula,peninsula
dissapeared,disappeared
miliary,military
planed,planned
essesital,essential
dicovering,discovering
opose,oppose
resturaunt,restaurant
reproducable,reproducible
authorative,authoritative
vaccum,vacuum
allegedy,allegedly
propogation,propagation
beleagured,beleaguered
preferrably,preferably
maneouvring,manoeuvring
rhytmic,rhythmic
ecidious,deciduous
flawess,flawless
interupt,interrupt
acuracy,accuracy
govenrment,government
controvercial,controversial
recidents,residents
prarie,prairie
testiclular,testicular
conotations,connotations
woudl,would
aberation,aberration
popoulation,population
abondon,abandon
guatamalan,guatemalan
peoms,poems
marmelade,marmalade
disappearred,disappeared
maintioned,mentioned
doccuments,documents
effeciently,efficiently
reprtoire,repertoire
epidsodes,episodes
conserned,concerned
pased,passed
suppoed,supposed
galations,galatians
unsuprised,unsurprised
philosphy,philosophy
indepedantly,independently
minumum,minimum
soliders,soldiers
belived,believed
beautyfull,beautiful
consentrate,concentrate
jospeh,joseph
catterpillar,caterpillar
probalibity,probability
sophmore,sophomore
sponsered,sponsored
whther,whether
